OriginalOrderInBatch,ExternalSampleID,Basename,Age,ConfidenceInAgeEstimate,CanBeUsedForAgingStudies,SpeciesLatinName,SpeciesCommonName,Tissue,Female,Folder,Project,TissueDetailed,Sample_Plate,LongNameProject,Sample_Well,Date,Well,GiovanniniNumber,DNA.Weight.mg,DNA.Concentration,AgeMonths,Sex,Genotype,Ake.DuoHumanMouse.panTissue.clock.AgeAcceleration,Ake.DuoHumanMouse.panTissue.clock.AgeAcceleration,Ake.UniClock2.panTissue.clock.AgeAcceleration,Amin.CRclock.Blood.clock.AgeAcceleration,Amin.CRclock.Brain.clock.AgeAcceleration,Amin.CRclock.Cerebellum.clock.AgeAcceleration,Amin.CRclock.Cortex.clock.AgeAcceleration,Amin.CRclock.Fibroblast.clock.AgeAcceleration,Amin.CRclock.Heart.clock.AgeAcceleration,Amin.CRclock.Kidney.clock.AgeAcceleration,Amin.CRclock.Liver.clock.AgeAcceleration,Amin.CRclock.Muscle.clock.AgeAcceleration,Amin.CRclock.panTissue.clock.AgeAcceleration,Amin.CRclock.Striatum.clock.AgeAcceleration,Amin.CRclock.Tail.clock.AgeAcceleration,Amin.interventionClock.Blood.clock.AgeAcceleration,Amin.interventionClock.Brain.clock.AgeAcceleration,Amin.interventionClock.Cerebellum.clock.AgeAcceleration,Amin.interventionClock.Cortex.clock.AgeAcceleration,Amin.interventionClock.Fibroblast.clock.AgeAcceleration,Amin.interventionClock.Heart.clock.AgeAcceleration,Amin.interventionClock.Kidney.clock.AgeAcceleration,Amin.interventionClock.Liver.clock.AgeAcceleration,Amin.interventionClock.Muscle.clock.AgeAcceleration,Amin.interventionClock.panTissue.clock.AgeAcceleration,Amin.interventionClock.Striatum.clock.AgeAcceleration,Amin.interventionClock.Tail.clock.AgeAcceleration,Amin.LUC.Blood.clock.AgeAcceleration,Amin.LUC.Brain.clock.AgeAcceleration,Amin.LUC.Cerebellum.clock.AgeAcceleration,Amin.LUC.Cortex.clock.AgeAcceleration,Amin.LUC.Fibroblast.clock.AgeAcceleration,Amin.LUC.Heart.clock.AgeAcceleration,Amin.LUC.Kidney.clock.AgeAcceleration,Amin.LUC.Liver.clock.AgeAcceleration,Amin.LUC.Muscle.clock.AgeAcceleration,Amin.LUC.panTissue.clock.AgeAcceleration,Amin.LUC.Striatum.clock.AgeAcceleration,Amin.LUC.Tail.clock.AgeAcceleration,Amin.progeriaClock.Blood.clock.AgeAcceleration,Amin.progeriaClock.Brain.clock.AgeAcceleration,Amin.progeriaClock.Cerebellum.clock.AgeAcceleration,Amin.progeriaClock.Cortex.clock.AgeAcceleration,Amin.progeriaClock.Fibroblast.clock.AgeAcceleration,Amin.progeriaClock.Heart.clock.AgeAcceleration,Amin.progeriaClock.Kidney.clock.AgeAcceleration,Amin.progeriaClock.Liver.clock.AgeAcceleration,Amin.progeriaClock.Muscle.clock.AgeAcceleration,Amin.progeriaClock.panTissue.clock.AgeAcceleration,Amin.progeriaClock.Striatum.clock.AgeAcceleration,Amin.progeriaClock.Tail.clock.AgeAcceleration,Amin.yamanakaClock.Blood.clock.AgeAcceleration,Amin.yamanakaClock.Brain.clock.AgeAcceleration,Amin.yamanakaClock.Cerebellum.clock.AgeAcceleration,Amin.yamanakaClock.Cortex.clock.AgeAcceleration,Amin.yamanakaClock.Fibroblast.clock.AgeAcceleration,Amin.yamanakaClock.Heart.clock.AgeAcceleration,Amin.yamanakaClock.Kidney.clock.AgeAcceleration,Amin.yamanakaClock.Liver.clock.AgeAcceleration,Amin.yamanakaClock.Muscle.clock.AgeAcceleration,Amin.yamanakaClock.panTissue.clock.AgeAcceleration,Amin.yamanakaClock.Striatum.clock.AgeAcceleration,Amin.yamanakaClock.Tail.clock.AgeAcceleration,Fei.UniClock3.panTissue.clock.AgeAcceleration,Steve.DevelopmentClock.AgeTraf.Blood.clock.AgeAcceleration,Steve.DevelopmentClock.AgeTraf.Brain.clock.AgeAcceleration,Steve.DevelopmentClock.AgeTraf.Cerebellum.clock.AgeAcceleration,Steve.DevelopmentClock.AgeTraf.Cortex.clock.AgeAcceleration,Steve.DevelopmentClock.AgeTraf.Fibroblast.clock.AgeAcceleration,Steve.DevelopmentClock.AgeTraf.Heart.clock.AgeAcceleration,Steve.DevelopmentClock.AgeTraf.Kidney.clock.AgeAcceleration,Steve.DevelopmentClock.AgeTraf.Liver.clock.AgeAcceleration,Steve.DevelopmentClock.AgeTraf.Muscle.clock.AgeAcceleration,Steve.DevelopmentClock.AgeTraf.panTissue.clock.AgeAcceleration,Steve.DevelopmentClock.AgeTraf.Skin.clock.AgeAcceleration,Steve.DevelopmentClock.AgeTraf.Striatum.clock.AgeAcceleration,Steve.DevelopmentClock.AgeTraf.Tail.clock.AgeAcceleration,Steve.ElasticEpi.AgeTraf.Blood.clock.AgeAcceleration,Steve.ElasticEpi.AgeTraf.Brain.clock.AgeAcceleration,Steve.ElasticEpi.AgeTraf.Cerebellum.clock.AgeAcceleration,Steve.ElasticEpi.AgeTraf.Cortex.clock.AgeAcceleration,Steve.ElasticEpi.AgeTraf.Fibroblast.clock.AgeAcceleration,Steve.ElasticEpi.AgeTraf.Heart.clock.AgeAcceleration,Steve.ElasticEpi.AgeTraf.Kidney.clock.AgeAcceleration,Steve.ElasticEpi.AgeTraf.Liver.clock.AgeAcceleration,Steve.ElasticEpi.AgeTraf.Muscle.clock.AgeAcceleration,Steve.ElasticEpi.AgeTraf.panTissue.clock.AgeAcceleration,Steve.ElasticEpi.AgeTraf.Skin.clock.AgeAcceleration,Steve.ElasticEpi.AgeTraf.Striatum.clock.AgeAcceleration,Steve.ElasticEpi.AgeTraf.Tail.clock.AgeAcceleration,Steve.InterventionClock.AgeTraf.Blood.clock.AgeAcceleration,Steve.InterventionClock.AgeTraf.Brain.clock.AgeAcceleration,Steve.InterventionClock.AgeTraf.Cerebellum.clock.AgeAcceleration,Steve.InterventionClock.AgeTraf.Cortex.clock.AgeAcceleration,Steve.InterventionClock.AgeTraf.Fibroblast.clock.AgeAcceleration,Steve.InterventionClock.AgeTraf.Heart.clock.AgeAcceleration,Steve.InterventionClock.AgeTraf.Kidney.clock.AgeAcceleration,Steve.InterventionClock.AgeTraf.Liver.clock.AgeAcceleration,Steve.InterventionClock.AgeTraf.Muscle.clock.AgeAcceleration,Steve.InterventionClock.AgeTraf.panTissue.clock.AgeAcceleration,Steve.InterventionClock.AgeTraf.Skin.clock.AgeAcceleration,Steve.InterventionClock.AgeTraf.Striatum.clock.AgeAcceleration,Steve.InterventionClock.AgeTraf.Tail.clock.AgeAcceleration,Ake.DuoHumanMouse.panTissue.clock.epiAge,Ake.UniClock2.panTissue.clock.epiAge,Amin.CRclock.Blood.clock.epiAge,Amin.CRclock.Brain.clock.epiAge,Amin.CRclock.Cerebellum.clock.epiAge,Amin.CRclock.Cortex.clock.epiAge,Amin.CRclock.Fibroblast.clock.epiAge,Amin.CRclock.Heart.clock.epiAge,Amin.CRclock.Kidney.clock.epiAge,Amin.CRclock.Liver.clock.epiAge,Amin.CRclock.Muscle.clock.epiAge,Amin.CRclock.panTissue.clock.epiAge,Amin.CRclock.Striatum.clock.epiAge,Amin.CRclock.Tail.clock.epiAge,Amin.interventionClock.Blood.clock.epiAge,Amin.interventionClock.Brain.clock.epiAge,Amin.interventionClock.Cerebellum.clock.epiAge,Amin.interventionClock.Cortex.clock.epiAge,Amin.interventionClock.Fibroblast.clock.epiAge,Amin.interventionClock.Heart.clock.epiAge,Amin.interventionClock.Kidney.clock.epiAge,Amin.interventionClock.Liver.clock.epiAge,Amin.interventionClock.Muscle.clock.epiAge,Amin.interventionClock.panTissue.clock.epiAge,Amin.interventionClock.Striatum.clock.epiAge,Amin.interventionClock.Tail.clock.epiAge,Amin.LUC.Blood.clock.epiAge,Amin.LUC.Brain.clock.epiAge,Amin.LUC.Cerebellum.clock.epiAge,Amin.LUC.Cortex.clock.epiAge,Amin.LUC.Fibroblast.clock.epiAge,Amin.LUC.Heart.clock.epiAge,Amin.LUC.Kidney.clock.epiAge,Amin.LUC.Liver.clock.epiAge,Amin.LUC.Muscle.clock.epiAge,Amin.LUC.panTissue.clock.epiAge,Amin.LUC.Striatum.clock.epiAge,Amin.LUC.Tail.clock.epiAge,Amin.progeriaClock.Blood.clock.epiAge,Amin.progeriaClock.Brain.clock.epiAge,Amin.progeriaClock.Cerebellum.clock.epiAge,Amin.progeriaClock.Cortex.clock.epiAge,Amin.progeriaClock.Fibroblast.clock.epiAge,Amin.progeriaClock.Heart.clock.epiAge,Amin.progeriaClock.Kidney.clock.epiAge,Amin.progeriaClock.Liver.clock.epiAge,Amin.progeriaClock.Muscle.clock.epiAge,Amin.progeriaClock.panTissue.clock.epiAge,Amin.progeriaClock.Striatum.clock.epiAge,Amin.progeriaClock.Tail.clock.epiAge,Amin.yamanakaClock.Blood.clock.epiAge,Amin.yamanakaClock.Brain.clock.epiAge,Amin.yamanakaClock.Cerebellum.clock.epiAge,Amin.yamanakaClock.Cortex.clock.epiAge,Amin.yamanakaClock.Fibroblast.clock.epiAge,Amin.yamanakaClock.Heart.clock.epiAge,Amin.yamanakaClock.Kidney.clock.epiAge,Amin.yamanakaClock.Liver.clock.epiAge,Amin.yamanakaClock.Muscle.clock.epiAge,Amin.yamanakaClock.panTissue.clock.epiAge,Amin.yamanakaClock.Striatum.clock.epiAge,Amin.yamanakaClock.Tail.clock.epiAge,Fei.UniClock3.panTissue.clock.epiAge,Steve.DevelopmentClock.AgeTraf.Blood.clock.epiAge,Steve.DevelopmentClock.AgeTraf.Brain.clock.epiAge,Steve.DevelopmentClock.AgeTraf.Cerebellum.clock.epiAge,Steve.DevelopmentClock.AgeTraf.Cortex.clock.epiAge,Steve.DevelopmentClock.AgeTraf.Fibroblast.clock.epiAge,Steve.DevelopmentClock.AgeTraf.Heart.clock.epiAge,Steve.DevelopmentClock.AgeTraf.Kidney.clock.epiAge,Steve.DevelopmentClock.AgeTraf.Liver.clock.epiAge,Steve.DevelopmentClock.AgeTraf.Muscle.clock.epiAge,Steve.DevelopmentClock.AgeTraf.panTissue.clock.epiAge,Steve.DevelopmentClock.AgeTraf.Skin.clock.epiAge,Steve.DevelopmentClock.AgeTraf.Striatum.clock.epiAge,Steve.DevelopmentClock.AgeTraf.Tail.clock.epiAge,Steve.ElasticEpi.AgeTraf.Blood.clock.epiAge,Steve.ElasticEpi.AgeTraf.Brain.clock.epiAge,Steve.ElasticEpi.AgeTraf.Cerebellum.clock.epiAge,Steve.ElasticEpi.AgeTraf.Cortex.clock.epiAge,Steve.ElasticEpi.AgeTraf.Fibroblast.clock.epiAge,Steve.ElasticEpi.AgeTraf.Heart.clock.epiAge,Steve.ElasticEpi.AgeTraf.Kidney.clock.epiAge,Steve.ElasticEpi.AgeTraf.Liver.clock.epiAge,Steve.ElasticEpi.AgeTraf.Muscle.clock.epiAge,Steve.ElasticEpi.AgeTraf.panTissue.clock.epiAge,Steve.ElasticEpi.AgeTraf.Skin.clock.epiAge,Steve.ElasticEpi.AgeTraf.Striatum.clock.epiAge,Steve.ElasticEpi.AgeTraf.Tail.clock.epiAge,Steve.InterventionClock.AgeTraf.Blood.clock.epiAge,Steve.InterventionClock.AgeTraf.Brain.clock.epiAge,Steve.InterventionClock.AgeTraf.Cerebellum.clock.epiAge,Steve.InterventionClock.AgeTraf.Cortex.clock.epiAge,Steve.InterventionClock.AgeTraf.Fibroblast.clock.epiAge,Steve.InterventionClock.AgeTraf.Heart.clock.epiAge,Steve.InterventionClock.AgeTraf.Kidney.clock.epiAge,Steve.InterventionClock.AgeTraf.Liver.clock.epiAge,Steve.InterventionClock.AgeTraf.Muscle.clock.epiAge,Steve.InterventionClock.AgeTraf.panTissue.clock.epiAge,Steve.InterventionClock.AgeTraf.Skin.clock.epiAge,Steve.InterventionClock.AgeTraf.Striatum.clock.epiAge,Steve.InterventionClock.AgeTraf.Tail.clock.epiAge
1,20147-9 #1,206535570066_R05C02,0.333333333,100,yes,Mus musculus,Mouse,Olfactory Bulb,0,P39.ET0143BrianNa,ET0143,Olfactory Bulb,Mammal320K_ET0158_ET0057_ET0120_ET0143_Plate1,Mammal320K_ET0158_ET0057_ET0120_ET0143_Plate1,C11,11/25/2020,A1,20147-9 #1,27.4,0.274,4,male,P0-CreC;Smarcb1(flox/flox),0.266020913,0.266020913,0.257514372,-0.438070898,0.988313543,0.66104304,1.58377549,1.83134518,-0.23146222,0.18132443,-0.704631739,0.682870768,0.016169915,0.812386256,0.538703712,0.07006109,1.442987084,1.963175776,2.27478463,1.680412193,-0.179169209,0.260291423,-0.746901788,-0.463519659,-0.114345869,1.362708482,0.317132147,0.188414421,1.402227689,1.519812659,1.805904024,4.386459498,0.518092677,0.719107295,0.103489608,0.522910091,-0.468763022,1.78824902,1.018372187,-0.229732355,1.281685259,2.071449235,1.050141331,3.877044361,0.076642542,-0.047505948,-0.524400465,-0.077759752,0.369230345,0.650390244,0.73121607,0.177559022,0.445588897,1.823951309,1.72646921,0.579228807,-0.083063623,-0.037943878,-1.057620902,0.028027246,-0.627540391,0.125080807,0.69580397,0.239432782,-0.035315267,1.003246685,0.299315424,-0.027619662,1.387813203,-0.196146683,0.278245294,0.328185249,0.042914422,-0.036760392,-1.457045834,-1.663802936,0.149836069,-0.127616035,0.153561299,0.254948976,1.004020144,2.425466943,0.767606685,-0.40743936,-0.064669869,0.297636641,-0.143078619,-0.103980102,-0.330542129,0.004229794,0.235394548,-0.431752816,-0.399717929,3.440985124,3.070956526,0.121407632,-0.009990818,-0.122424942,1.43125882,-1.95856726,0.439457093,3.311173941,-0.366521477,0.685324302,1.386334095,1.559360947,1.240375106,-1.175698068,2.080928945,3.675864997,3.271022332,1.401782137,0.835344347,0.883048049,1.259685275,2.433766449,1.447261595,2.392206933,2.413478529,0.84864658,2.172857346,4.266907117,3.393705713,2.249893804,0.908993699,1.088923899,1.232507541,3.072851096,1.59313434,1.994519007,2.184062096,1.638942813,2.628771759,5.927009642,4.003480351,2.905139778,0.94154403,1.297453913,0.554885721,2.994892998,1.829658848,1.896524597,1.323751674,0.359192867,1.844167055,5.612864688,3.647982489,1.269744771,0.616493453,1.026920231,1.036902047,1.734932399,1.358320434,2.836634356,1.172557406,-0.249359385,1.264142367,3.714844816,3.318468787,2.253101371,0.765712293,1.05021406,1.110401108,1.189590906,1.738272803,1.203195113,0.488777963,1.530726856,0.825309763,0.176590891,4.220266791,0.096729878,1.060836527,0.548526759,0.822396406,0.670045694,0.718475843,0.661494464,0.292859306,0.308831284,1.060774583,1.16152113,1.770738758,4.647397743,2.114636028,0.886916437,0.226548208,0.641896944,0.297196435,0.806340708,1.384061488,0.322914925,0.812783371,0.592901929,0.709903568,4.033001096,4.926304336,0.842963439,1.90006152,0.269344545,2.317237532,0.149249873,0.66276956,4.115116128,0.53696953
2,20207-9 #1,206535570066_R06C02,0.416666667,100,yes,Mus musculus,Mouse,Olfactory Bulb,1,P39.ET0143BrianNa,ET0143,Olfactory Bulb,Mammal320K_ET0158_ET0057_ET0120_ET0143_Plate1,Mammal320K_ET0158_ET0057_ET0120_ET0143_Plate1,D11,11/25/2020,B1,20207-9 #1,9.7,0.097,5,female,P0-CreC;Smarcb1(flox/flox),0.566041844,0.566041844,0.172577161,-0.687663983,1.04478814,0.809183727,1.811709675,-0.001276713,-1.04163338,0.204319405,-0.499717787,0.586390943,0.042873996,1.341803505,0.227866086,-0.258629913,0.71106815,1.782547508,1.818457383,0.03838061,-0.938210581,-0.288096581,-1.013906572,-0.377896215,-0.174270278,0.875291943,-0.037936396,-0.306731642,0.50128411,1.650624608,1.244692377,1.155314844,0.101189905,0.528137241,-0.440657396,0.541345669,-1.188908282,1.010678231,0.528603392,-0.514431527,1.181530431,1.613867225,1.166847498,2.559023475,-1.055869953,-0.456585965,-0.230087561,-0.219715205,0.568376963,0.874505498,0.474244825,-0.519462654,0.104756567,2.360650367,1.757920066,-0.77600207,-0.390291539,-0.385367483,-1.363076983,0.177313412,-0.659668995,0.11919392,0.280745627,0.31222227,0.018468629,1.442935571,0.541265545,0.296179106,2.246949555,-0.015170522,0.247863653,0.339143499,-0.013670607,0.225800501,-1.147671454,0.640256281,0.177677934,-0.168749639,-0.328729353,0.173404321,0.131386962,0.415657032,-0.616805243,1.281024662,0.070452705,0.032126446,0.192363371,-0.526423892,-0.175902585,0.098363393,-0.133373492,0.431981251,-0.860596387,3.255547013,-0.19840757,-0.463942947,1.074421613,-0.028534799,0.554756717,-1.094847508,0.262395346,3.590111182,0.290774019,0.985345233,1.301396883,1.309767862,1.296849703,-1.027557381,2.308863131,1.843243104,2.460851173,1.424777112,1.040258299,0.786568224,1.286389356,2.963183698,1.136423969,2.063515929,1.681559595,0.668018313,1.716530099,2.624875534,2.634664341,1.7015058,0.641988915,1.174547344,1.172583131,2.585434556,1.238065797,1.499372944,1.283118517,1.769754762,2.067560112,2.695864988,3.586577579,2.714169725,0.397397025,1.315889491,-0.165259538,2.217322209,1.339890054,1.611825425,1.223596846,-0.098389143,1.960873222,4.294843803,2.515469995,0.860664753,0.910806357,0.884964778,1.236048665,1.959047653,1.101349188,2.13961268,0.831725076,0.287339673,1.295593223,2.35961394,3.011240871,1.905677767,0.460256212,1.199500226,1.078272503,1.18370402,1.32321446,1.275984602,0.542561859,1.970415742,1.067259884,0.500389659,5.079403143,0.277706039,1.030454887,0.559485009,0.765811377,0.932606587,1.027850222,2.965553681,0.320701172,0.26769768,0.578483932,1.079976474,0.898105576,2.637587832,0.730224101,2.575380459,0.361670782,0.376386749,0.632638425,0.383896917,1.538701032,0.417048525,0.444015332,1.456635995,0.249025111,3.847562985,1.656940239,0.25761286,2.984473951,0.363234688,1.440735428,1.012969625,0.485707813,4.394053369,1.194265026
3,17016-9 #1,206535570010_R01C01,0.391666667,100,yes,Mus musculus,Mouse,Trigeminal nerve,1,P39.ET0143BrianNa,ET0143,Trigeminal nerve,Mammal320K_ET0158_ET0057_ET0120_ET0143_Plate1,Mammal320K_ET0158_ET0057_ET0120_ET0143_Plate1,E11,11/30/2020,C1,17016-9 #1,9.7,0.097,4.7,female,P0-CreC;Smarcb1(flox/flox),0.548499944,0.548499944,0.387411264,-0.136920173,1.527052146,-0.188091433,1.88229039,1.461502343,-0.252496534,1.274977339,-0.178219493,0.425301442,0.263137071,1.0124807,1.014384976,0.502884929,1.344439854,1.056227111,1.719996703,0.50595641,-0.03134082,0.566668654,-0.616446327,-0.888190835,-0.4584454,1.824230244,0.822971217,0.386691741,1.189382795,1.930961651,2.001301199,4.05096034,0.558143488,0.849925484,0.09778859,0.591116255,-0.363348189,2.095556829,1.567740273,0.138992963,1.486427639,0.595224854,1.242492545,1.673375955,-0.487833189,0.619060056,-0.274322245,-0.347328544,0.503823892,1.01837741,1.095685233,0.414828375,0.259460403,0.650971589,1.316649731,-0.704759515,0.443436975,0.96849592,-1.270848328,0.052416331,-0.793911358,0.482863192,0.98538796,0.513489364,-0.008226752,1.550630235,0.042679406,-0.127428912,1.058547628,-0.293201446,2.168773748,0.487035509,-0.397569512,0.858575032,-0.327417404,0.474738396,1.511311609,-0.010860821,-0.206758194,-0.340914974,1.011631466,1.07453501,-1.20869059,0.796544914,0.285696203,0.223724721,0.359025528,-0.534414746,0.099203646,0.218362115,-0.241131596,0.092517029,-0.487794381,2.855361768,0.6047587,-0.763300476,-1.523597547,-0.031253196,1.477700865,-1.648593143,0.177328027,4.948652298,1.025525102,0.967803333,1.516230987,1.860511672,1.779113708,-2.02483254,2.379443845,3.30602216,3.249988018,2.495435046,1.361756593,0.625478723,1.506652431,2.633860893,1.922942859,2.825030772,2.314931299,-0.058302085,1.618069418,3.092451334,3.541534102,2.556271035,1.03944916,0.664252724,0.88840801,3.534372858,2.09897341,2.192796326,1.971217202,2.050091805,2.824168934,5.591510484,4.043531162,3.035957967,0.935843012,1.365660077,0.660300555,3.302200807,2.379026935,2.265249915,1.528494054,-1.117031514,2.036518269,3.409196283,3.083506758,1.936310774,0.866571673,0.757351439,1.171495593,2.102919565,1.722789596,3.073903709,0.986428912,-1.422339105,0.854322888,2.430856494,3.844969385,3.259541169,0.552484867,1.074603145,0.94403014,1.547373291,2.027856793,1.477251696,0.515866478,2.078110405,0.568673745,0.076781641,3.891001217,-0.000324885,2.951364982,0.707377019,0.381912471,1.565381119,1.848104272,2.800035796,1.654334847,0.425586498,0.70045509,0.565657179,1.77835008,3.29646581,0.138338754,2.090900711,0.57691428,0.567985023,0.799300581,0.375906064,1.813807263,0.537047246,0.336257228,1.117171773,0.621827116,3.44737774,2.46010651,-0.041744669,0.386454791,0.360516291,2.363679576,0.45922399,0.400640494,5.752594485,1.929016109
4,17100-9B #1,206535570010_R02C01,0.275,100,yes,Mus musculus,Mouse,Meninges,0,P39.ET0143BrianNa,ET0143,Meninges,Mammal320K_ET0158_ET0057_ET0120_ET0143_Plate1,Mammal320K_ET0158_ET0057_ET0120_ET0143_Plate1,F11,11/30/2020,D1,17100-9B #1,10.2,0.102,3.3,male,P0-CreC;Smarcb1(flox/flox),0.134666779,0.134666779,-0.389846825,-0.270165716,-1.294812653,-1.973422184,-0.720772459,1.235744072,-1.185837075,-0.384181427,-0.843071966,0.713325757,-0.334468352,-0.884394371,1.268824662,0.521117874,0.050056792,0.147316699,1.134492165,1.367007985,-1.084188929,0.937496623,-0.765819191,-0.923379113,-0.723007925,0.66754715,0.77624198,0.028672079,0.321136423,0.437535617,1.447885598,3.929917731,-0.591695916,0.653911581,-0.711982866,-0.852634372,-1.618660387,1.376026144,0.953814229,-0.100379043,-0.733392206,-0.146831596,-1.026940479,4.21249316,-1.194159995,-0.832931352,-0.543769608,-0.387888133,0.03903309,-1.35872242,1.190320701,0.97675303,-0.384521616,0.090191781,0.123988847,-0.149532614,-0.442151791,-0.003559582,-1.416964457,-0.450239871,-1.264973585,-0.468312928,1.021235891,-0.597578382,-0.429216461,-0.101535847,0.067562072,-0.160419372,0.274285631,-0.285055933,0.711427169,0.279411989,-0.271027102,-0.157368566,-0.875558616,-1.958025881,0.274113304,-0.099157876,0.08948852,-0.032393771,-0.023180746,2.369897156,-1.240235469,-0.93039725,-0.105574194,0.514903472,0.196272642,0.049281536,0.163403211,-0.019565771,-0.22849996,-0.280322176,0.679607721,1.964195625,0.109678983,-0.779864062,0.573880973,-0.264042538,0.713652947,-1.833842792,0.008928556,4.92239623,1.35438402,0.553970167,0.738972898,1.72726613,-1.04275109,-3.810163291,-0.223619003,3.080263889,2.316647477,0.836276281,0.69690412,0.913503039,0.909047008,0.736985822,2.177382545,2.843263716,1.020548237,-0.967212497,1.032564881,3.953502908,2.488685993,2.927099003,0.890076296,0.629064446,0.623845485,2.377689764,2.052244173,1.834776664,1.10297083,0.556665771,2.270753333,5.470467875,2.893691757,2.839944064,0.126071555,-0.07809055,-0.595011643,2.582670121,1.76510089,2.025877909,-0.691325791,-1.859087965,-0.232914754,5.948313488,2.377179952,0.484319366,0.59712431,0.71679185,0.706704791,-0.274180265,1.817425064,3.635828364,0.342446893,-1.983118913,-0.338337996,2.986083395,2.959380618,2.287485667,0.406368738,0.571946943,0.472967913,0.596197171,2.063704724,0.366183949,0.094876769,0.425944324,0.59355641,0.043791181,3.10673922,0.007820629,1.494018403,0.4997535,0.508454882,0.549437521,1.299963061,0.367271519,0.417136542,0.337289443,0.996701804,0.874178382,0.743537868,4.591827957,0.106793875,0.363958547,0.185643883,0.859163774,0.636547695,0.959602346,1.878006828,0.299119361,0.348888863,0.744332569,1.789229219,2.556211596,1.965026793,-0.058308255,2.483933311,0.127726949,1.599631658,0.273974341,0.232241023,5.726338417,2.257875028
5,18161-10B #1,206535570010_R03C01,0.308333333,100,yes,Mus musculus,Mouse,Trigeminal nerve,1,P39.ET0143BrianNa,ET0143,Trigeminal nerve,Mammal320K_ET0158_ET0057_ET0120_ET0143_Plate1,Mammal320K_ET0158_ET0057_ET0120_ET0143_Plate1,G11,11/30/2020,E1,18161-10B #1,4.7,0.047,3.7,female,P0-CreC;Smarcb1(flox/flox),0.029744476,0.029744476,0.23614538,-0.654071302,0.731453855,-0.498829746,0.769404328,1.406037939,-0.437357291,0.749917649,-0.373817482,0.697751994,0.121222048,0.559787521,1.209564074,-0.44878386,1.13142046,1.040557965,1.792005679,1.252249564,-0.984111038,0.451059916,-0.573837683,-0.604744478,-0.466214475,1.209412463,0.525562914,-0.400779146,0.825020584,1.769729379,0.775074266,4.559967528,-0.102654806,0.514515568,-0.137097143,0.457762909,0.707732346,1.590945017,1.127493695,-0.438240148,0.77797393,0.511607444,0.126408977,2.206115907,-0.835544724,0.199804818,-0.120130776,-0.688417074,0.33579862,0.255384909,1.100119813,-0.273877267,0.096516249,0.513145774,0.963998565,0.786463822,-0.977893604,0.563903792,-1.012861316,-0.006383261,-0.811892345,0.204667377,0.581170603,-0.078748994,-0.255884341,1.477835896,-0.065793036,-0.080034546,0.716580541,-0.177425435,1.411908193,0.901329722,0.028135971,-0.234958185,-1.010905566,-1.903799056,0.310946149,-0.198808001,-0.194868908,-0.238136298,-0.268359354,2.999529795,-0.408452258,-0.641226457,0.175766777,0.132820798,-0.017764124,-0.426558162,-0.18970551,0.070588973,-0.114891686,0.395296961,-0.076055979,3.736751089,4.205111028,-0.738254913,2.016118691,0.114055829,2.414244206,-1.942237488,0.472208147,0.486597506,-0.342035309,0.449047865,1.364965102,1.343360544,0.983515418,-2.335570853,1.266557784,3.250557756,3.065127261,1.970375356,1.166158604,0.897929275,1.364737409,2.181167714,2.118121957,1.873361982,2.101911905,-0.07397123,1.690078395,3.838744488,2.588763884,2.440662297,1.082057804,0.947699081,0.880638935,2.919555076,1.801565107,1.40532544,1.606854991,1.888859533,1.597942001,6.100517672,3.382732867,2.700548051,0.700957279,1.232306731,1.73138109,2.797588995,1.938780356,1.688016804,0.820040345,-1.200648924,0.920434702,3.941936235,2.735795223,1.517055537,1.020763142,0.416262909,1.003470322,1.339927064,1.727224177,2.385198068,0.823484758,-1.56016492,0.501671723,3.922079831,2.423638806,2.854949041,0.810471879,1.015803553,0.926049154,1.269177476,1.623639436,0.885013338,0.268208889,2.005316067,0.460201303,0.124176008,3.54903413,0.115451126,2.194499427,1.121671233,0.807617955,0.471847901,1.16461611,0.421498344,0.453969386,0.237639318,0.712344376,0.668435855,0.49835926,5.221460595,0.938577086,0.65312934,0.466984854,0.4770811,0.422510929,0.483762648,1.524898107,0.389274105,0.462497138,1.419951705,1.033565519,4.328767061,6.060458838,-0.016699106,3.92617103,0.505825316,3.300222917,0.165579646,0.695520614,1.290539693,0.561455698
6,20074-9B #1,206535570010_R04C01,0.3,100,yes,Mus musculus,Mouse,Retro-orbital,1,P39.ET0143BrianNa,ET0143,Retro-orbital,Mammal320K_ET0158_ET0057_ET0120_ET0143_Plate1,Mammal320K_ET0158_ET0057_ET0120_ET0143_Plate1,H11,12/1/2020,F1,20074-9B #1,8.6,0.086,3.6,female,P0-CreC;Smarcb1(flox/flox),0.645458939,0.645458939,0.577855003,-0.468460838,2.695937672,1.414284854,2.879222957,1.946058253,0.462247622,0.807821053,-0.27679959,0.988833801,0.386631623,1.596382106,0.257363483,-0.251378906,2.24000496,2.734499479,2.463451974,1.639315311,0.543193097,0.977827703,-0.447573375,-0.374683206,0.093490335,1.720713767,-0.056261438,-0.05520011,1.23584996,2.807749052,1.631130927,3.438334235,0.23370915,1.462294766,0.780218812,1.353558328,0.495143116,1.589091293,0.457914334,-0.337997493,2.144194714,2.91665864,1.651930556,2.85066257,0.033765157,0.988718781,0.014882078,0.360242368,0.709859344,1.659549171,0.196915866,-0.584314046,1.690189385,2.726928026,2.538140527,1.006772497,0.801271423,0.60724264,-0.904814519,0.443993811,-0.296436733,1.21701366,0.265007718,0.827435995,0.082804646,0.397753541,0.333133729,0.019284536,2.901260927,0.978500078,1.548472581,0.674392145,0.271640612,-0.172913839,-1.158322437,-0.705235273,-0.034884356,-0.119171845,0.293589283,0.628386325,2.464709591,1.239434427,-0.688338187,2.070711216,0.321196199,0.820609988,-0.169353376,-0.407305677,0.877555282,-0.083917671,-0.169580015,-0.190248952,-0.431053305,4.513315783,0.754497677,-0.588687757,-1.241334937,0.040402421,0.612262118,-1.539112073,0.3972692,2.108516356,-0.477285742,1.064762328,1.706674726,1.528971008,2.947999234,-0.422456253,3.376376413,3.79057807,3.964732174,2.02827876,1.263176496,1.189011082,1.630146983,3.217762299,1.165921365,2.070766936,3.210496405,1.619970284,2.361524689,4.225810234,4.116068019,2.967430084,1.208322111,1.177760353,1.440343745,3.43085638,1.219740755,1.750904475,2.017684366,2.926879207,2.453998662,4.978884379,3.719096823,3.648327249,1.618273234,2.12810215,1.518791859,2.79573527,1.269200996,1.788259459,2.186261129,1.204402272,2.445956281,4.586482898,3.605105105,2.3059695,1.155775996,1.464922351,1.377531046,2.744091326,0.82402023,2.074761288,2.417157894,0.653617332,2.075813684,4.142388506,4.202803833,2.898287889,0.918518677,1.466180625,1.441504765,2.281523759,1.307476552,1.791198326,0.606897876,0.925233712,0.859128068,0.223495089,5.733714516,1.271376639,2.331063814,0.894733656,1.051122596,0.533892248,1.01719924,1.620062127,0.108138882,0.317275474,1.200802567,1.534958478,3.231428206,3.461365227,0.658691157,3.365067013,0.612414276,1.164870291,0.270921678,0.503015133,2.5921589,0.234767461,0.407808809,0.834405792,0.678568193,5.105331754,2.609845487,0.13286805,0.668717401,0.432171908,1.498240829,0.568705061,0.620581667,2.912458543,0.426205265
7,20095-9 #1,206535570010_R05C01,0.416666667,100,yes,Mus musculus,Mouse,Optic nerve,0,P39.ET0143BrianNa,ET0143,Optic nerve,Mammal320K_ET0158_ET0057_ET0120_ET0143_Plate1,Mammal320K_ET0158_ET0057_ET0120_ET0143_Plate1,A12,12/1/2020,G1,20095-9 #1,0.5,0.005,5,male,P0-CreC;Smarcb1(flox/flox),-0.027337177,-0.027337177,-0.17512075,-0.933964656,0.623716678,0.54280805,0.892130291,-1.244353548,-1.966677847,0.472051375,-0.494689828,-0.082794442,-0.26021771,0.149155579,-0.190059867,-1.001038363,0.134221407,0.837109943,0.976359796,-1.278290606,-1.816607548,-0.060993425,-1.480914373,-1.411431821,-0.437535014,0.097544799,-0.347337741,-1.060458826,0.187404799,0.857387278,0.262981165,-0.704093985,-1.728317775,-0.229389555,-0.114906344,-0.114131391,-0.191982887,0.177542475,-0.043627059,-1.057862802,0.989726539,1.131900644,0.589144505,-0.721286422,-2.34692098,0.399891636,-0.432141323,-0.658437925,0.546410327,0.217867868,0.080456215,-1.142029134,0.471639343,1.277382035,1.459822343,-2.092148982,-1.468559357,-0.439764641,-1.716369242,-0.586734585,-0.736172321,-0.141804196,-0.321132963,-0.005427614,-0.273647994,-0.103068821,-0.034584526,0.056262934,0.773349456,0.369244498,0.465175284,0.116342737,-0.365569397,-0.425629667,-0.986032533,-0.862497486,0.103187964,-0.257008449,-0.385388414,-0.105189634,0.302998927,-1.67994214,-0.677282574,-0.732932458,-0.042655099,0.007773737,-0.25470375,-0.269054215,-0.428369358,-0.035347564,-0.40100759,-0.161221615,-0.568615563,1.817600844,-1.729194183,-0.741765652,-1.746730106,-0.186705478,-0.464037593,-1.564427008,0.036988697,0.844578701,-0.555211696,0.391966211,0.953698972,1.063467189,0.875778241,-1.293933057,1.389283747,0.60016627,1.535806706,1.692509082,1.045286258,0.117382839,0.983297651,1.770535772,0.718498016,1.321107479,1.104712852,-0.277419253,0.874432511,1.308204317,1.756267374,1.928608956,0.174981114,0.141011738,0.909318396,1.807687413,0.928664452,0.74564576,0.969239206,0.976517433,1.085848899,0.836456159,1.757069898,1.956642929,0.723148078,0.660412431,0.831665857,1.384186453,0.767659603,1.06839415,1.031792954,-0.580355724,1.383170229,1.014533906,1.224418967,1.717142355,0.708752595,0.446242058,1.214082029,1.302410023,0.707560579,1.5170462,1.198607852,-0.795928659,0.997495501,1.043467027,1.932973053,1.851280608,0.106963953,0.435452229,1.001769178,0.922705903,0.72133587,0.958334717,0.250445236,0.42441135,0.491409813,0.260473487,3.605803045,0.662121059,1.247766518,0.336684247,0.413912586,0.281176419,1.189489144,1.462799914,0.246211202,0.17943887,0.52182487,0.801382519,1.069717541,0.54198866,0.66974677,0.561423339,0.248562978,0.35203404,0.185571303,0.641266595,1.28623426,0.283337568,0.176381234,0.863433129,0.541005934,2.409616815,0.126153627,-0.020209845,0.163322233,0.205064009,0.421941118,0.543390126,0.260301164,1.648520888,0.348279311
8,20137-9 #1,206535570010_R06C01,0.258333333,100,yes,Mus musculus,Mouse,Olfactory bulb,0,P39.ET0143BrianNa,ET0143,Nasal cavity/olfactory bulb,Mammal320K_ET0158_ET0057_ET0120_ET0143_Plate1,Mammal320K_ET0158_ET0057_ET0120_ET0143_Plate1,B12,12/1/2020,H1,20137-9 #1,10.1,0.101,3.1,male,P0-CreC;Smarcb1(flox/flox),0.198798532,0.198798532,-0.265549697,-0.928379373,0.954091886,0.697367217,1.528696167,0.091233306,-0.800323366,0.092423549,-0.655502546,0.391419168,-0.199466942,0.712023348,0.065886445,-0.637779221,0.906541305,1.902311557,1.527985415,-0.215007816,-0.751416381,0.249131815,-0.920708678,-0.922294323,-0.444438368,1.119975081,-0.15931449,-0.630031458,0.303475427,1.584116049,0.884053713,0.923748637,-0.702295721,0.670797868,-0.188873463,0.223842958,-0.299657497,0.869017171,0.468170973,-0.787187698,1.388629217,1.655925434,0.899478723,0.39875975,-1.18532935,0.07645675,-0.451260258,-0.413010546,0.338575234,1.021832238,0.369038859,-0.860425591,0.519249282,1.978622103,1.64937842,-1.25763372,-0.162602474,0.005471459,-1.432205799,-0.250141326,-0.904009676,0.410125798,0.04193089,-0.120471156,-0.246965453,0.82909015,0.164567085,0.069332877,0.051043158,0.220389713,0.722103569,0.233715073,-0.337098912,-0.244810476,-1.580295063,-0.632599771,0.130027161,-0.230648895,0.00422509,0.274564666,0.40620712,-0.562956745,-0.60558697,0.455464903,-0.030401776,-0.034608875,-0.060025813,-0.461531391,0.104655977,-0.005641342,-0.327662221,0.567196454,-0.439992031,2.815819845,-0.967075887,-0.417347272,-0.556093454,-0.168393893,-0.159087705,-1.573709537,0.06179901,1.76271596,-0.25730715,0.61810192,0.863270026,1.069052472,1.206153449,-1.13937389,2.025849623,1.935753123,2.702161186,1.312881256,0.88447354,0.591596449,1.044048418,2.333403541,0.974444328,1.684366621,1.87703275,0.787782361,1.42605813,2.371487108,2.821458541,2.238734196,0.735186809,0.630149236,0.902415042,2.830117694,1.116687703,1.176073128,1.085309834,1.703246204,1.706921448,2.464298781,2.783091952,2.856830351,0.649180959,0.998386779,0.723991247,2.075661149,1.279457634,1.339069254,1.430695632,-0.056330934,1.693504447,2.134580077,2.386010598,1.393707468,0.689633661,0.691669437,1.006246936,2.106374393,0.996143222,1.798649743,1.246217791,-0.094688591,1.187051577,1.877982289,3.238929936,2.296516708,0.391127396,0.772045488,0.833931822,1.474635897,1.084399723,0.843291176,0.277127777,1.356570321,0.690561424,0.273543431,2.883496747,0.513266274,1.504694803,0.454056583,0.442383071,0.46199561,0.595226613,1.692697629,0.273050398,0.205798424,0.911438374,1.181136819,1.172925735,1.658974056,0.741442374,1.749820699,0.260816301,0.309651428,0.38024924,0.448789418,1.819259595,0.313043789,0.249726603,1.591851198,0.669629467,3.407835816,0.888271923,0.304208536,1.353958884,0.223375594,0.726891006,0.534107597,0.285111477,2.566658147,0.646183858
9,20142-9 #1,206535570010_R01C02,0.366666667,100,yes,Mus musculus,Mouse,Nasal cavity,1,P39.ET0143BrianNa,ET0143,Nasal cavity,Mammal320K_ET0158_ET0057_ET0120_ET0143_Plate1,Mammal320K_ET0158_ET0057_ET0120_ET0143_Plate1,C12,12/1/2020,A2,20142-9 #1,10.7,0.107,4.4,female,P0-CreC;Smarcb1(flox/flox),0.632506402,0.632506402,0.000669905,-0.473627153,0.250697195,0.103604582,0.511704153,1.084491445,-0.60052897,0.441253192,-0.645457707,0.663456606,-0.09364752,0.279842863,0.718135755,-0.099864341,0.31068088,1.004491933,1.07181496,1.1769306,-0.301600379,0.20876841,-1.030674841,-0.931188074,-0.38665596,1.144697173,0.558835249,0.170561392,0.720699298,1.914596145,0.878428928,3.864027274,0.450665521,1.060015508,-0.067883765,0.364951249,-0.227672808,1.475467053,1.043691061,-0.384384648,0.545393521,0.829948819,0.155344853,2.955851361,-0.634777845,-0.186108575,-0.803544341,-0.64177141,0.180880736,0.151675684,0.695343333,0.086849755,-0.225708906,1.484560345,1.215096711,0.193610968,0.394447542,0.323645795,-1.236060294,0.095814129,-0.431440223,0.083560953,0.550087028,0.035455245,0.148343432,1.458853234,0.282870044,-0.057960836,0.617668087,0.461330016,0.924494483,0.197011191,0.936699287,-0.217752442,-1.238155712,-0.961438034,0.208613887,0.02336359,0.062932677,0.050044381,1.042826819,0.003840056,1.587923078,0.795056387,-0.089327392,0.201637483,0.145518814,-0.112178098,0.460286259,0.123731786,0.24009633,0.61241595,-0.472340523,3.353850923,0.921620679,0.732959524,0.716955285,0.043959926,2.173814708,-1.427612593,0.422765653,3.66238203,-0.402228288,1.051809791,1.129489627,1.523804692,0.502758757,-1.733136526,1.008857609,2.929011262,2.901955582,1.6617109,0.894518379,0.863633887,1.14986784,1.901223056,1.626693638,2.222281502,1.281172325,-0.110037262,0.969887676,3.763425523,3.271274543,2.198370791,0.625220646,0.621255485,0.96019745,2.854839787,1.834837442,1.976665978,1.502533705,2.033726299,1.701296663,5.404577418,3.936053195,3.246047991,0.770170657,1.139495071,0.795975936,2.682111031,1.854977722,1.741872304,0.587459936,-0.88230755,0.949370577,4.691671689,2.936562102,1.131142143,0.337349577,0.462908573,0.848552438,1.236217839,1.322447697,2.74592509,0.501259603,-0.588750349,0.752769869,3.329226977,3.795979952,2.614691044,0.587272901,1.118000943,1.306501275,1.148071053,1.592555861,0.999217576,0.672436662,1.986333405,0.808864382,0.146249717,3.450121676,0.754206577,1.707085717,0.417352702,1.716181271,0.489053645,0.937365965,1.363859366,0.351637125,0.459810909,0.970145961,0.956616535,1.809545433,2.225770856,2.934952422,2.089412184,0.201890684,0.545897785,0.585793867,0.798142712,2.174889877,0.442416918,0.817485154,1.637070695,0.637280975,3.945866895,2.776968489,1.454515331,2.627007623,0.435729413,3.059793419,0.68020454,0.64607812,4.466324217,0.501262719
10,20191-9 #1,206535570010_R02C02,0.4,100,yes,Mus musculus,Mouse,Throat,1,P39.ET0143BrianNa,ET0143,Throat,Mammal320K_ET0158_ET0057_ET0120_ET0143_Plate1,Mammal320K_ET0158_ET0057_ET0120_ET0143_Plate1,D12,12/1/2020,B2,20191-9 #1,6,0.06,4.8,female,P0-CreC;Smarcb1(flox/flox),1.300414804,1.300414804,0.844683233,-0.299115483,0.330212164,0.96495483,0.645489845,0.901850526,-0.325220198,0.219346291,-0.275988106,0.409733756,0.263839406,-0.252530196,0.598404305,0.63837584,1.256205996,1.183101361,1.580097466,1.578702523,0.974007102,0.967693932,-0.249824056,-0.744025753,0.014967154,1.400000003,0.612365109,0.294209904,0.628288745,2.008914834,1.149652459,4.369425244,0.729424025,1.222698333,-0.223823008,0.257909194,-3.658185471,0.928789318,1.113207247,0.006403947,1.499236459,2.304629676,0.291615707,2.534332436,-0.412679751,0.034652103,-0.065179573,-0.056344138,0.901137007,0.650656214,0.901031636,0.375163661,0.43308962,1.96176078,1.263014372,0.80220831,1.617810473,0.641861239,-1.010899672,0.078545194,-0.263424589,0.0541914,0.798141135,1.170645047,0.141155159,2.333551269,0.374619582,0.079548061,0.119263175,2.037499367,1.523309035,0.360822151,-0.272608773,0.540268375,0.684585023,1.961951384,1.505909297,0.110269822,-0.287909251,0.10141513,1.869247122,4.276180801,1.823216383,1.386394572,0.399921963,1.169844219,0.145379282,-0.51650363,1.283256554,0.345265952,-0.004125338,4.738258888,2.360112955,4.750963382,2.607923132,0.206463372,-1.865184183,-0.04496766,2.556927816,-1.907254458,0.463834806,5.029314316,-0.355190558,1.719718192,1.973502956,1.698316363,0.582273727,-0.871786277,1.142643301,2.746370343,3.177264354,1.439803999,1.26398798,0.609911037,1.507354766,1.368849997,1.506962188,2.960521682,2.226697441,0.068572166,1.478170181,4.165197447,4.546882024,2.957296313,1.406071431,0.808417806,1.361820564,3.110142616,1.888367302,2.10031449,1.410123151,2.128044989,1.972520194,5.909975388,4.214811698,3.408730817,0.614231414,1.032453016,-2.634536728,2.135433296,1.924493908,2.132660899,1.541302874,0.592373307,1.085641431,4.270152764,3.158660196,1.351902821,1.075714345,1.048335846,1.568808709,1.735198369,1.528136,3.034238995,1.160058129,-0.111549914,0.80068753,3.937824319,5.019342883,2.932906488,0.812433523,1.100732008,1.47451691,1.118701499,1.840609968,2.134407378,0.665248389,2.86103144,0.90061392,0.283758614,2.951716764,2.330375928,2.305900269,0.581163661,0.506873211,1.247074462,2.860106699,4.287248784,1.648932534,0.546717141,0.619304033,1.007987283,2.635965737,6.498111601,3.170245727,2.680750369,0.691140039,1.514104522,0.585654336,0.393817179,2.997860172,0.663951084,0.573263486,5.762913633,3.469734453,5.342979353,4.463270942,0.928019179,0.044868155,0.346801827,3.442906527,0.200562675,0.687147273,5.833256503,0.54830045
11,20101-9 #1,206535570010_R03C02,0.141666667,100,yes,Mus musculus,Mouse,Nasal cavity,1,P39.ET0143BrianNa,ET0143,Nasal cavity,Mammal320K_ET0158_ET0057_ET0120_ET0143_Plate1,Mammal320K_ET0158_ET0057_ET0120_ET0143_Plate1,E12,12/7/2020,C3,20101-9 #1,7.8,0.078,1.7,female,P0-CreC;Smarcb1(flox/flox),-0.174574577,-0.174574577,-0.530115384,-0.826859879,-0.922861591,-0.470664362,-0.595444277,-0.243531633,-1.407816815,-0.043602802,-0.97138295,-0.179561028,-0.463298003,-0.730514835,0.572553505,-0.116334933,-0.166277136,0.462837335,0.348997301,-0.077225877,-0.655088173,0.204433385,-0.996037007,-1.880210949,-0.873786542,0.564511784,0.154844703,-0.333158903,-0.045424306,0.45823226,0.041939177,1.578341553,-0.547618064,0.336176229,-0.438952976,-0.472141913,-0.712021788,0.456527624,0.869622129,-0.338840977,-0.192534804,0.141870896,-0.375279515,1.311990352,-0.917547777,-0.141510398,-0.810566325,-1.054080191,0.210422875,0.087337451,0.594168817,0.066994785,-1.137570538,0.454979227,0.256955649,-1.669624371,-0.037604144,0.40987519,-1.710868273,-0.990215829,-1.266880899,-0.725904822,0.344990816,-0.537496502,-0.365561795,0.517426662,0.104854766,-0.156027357,-0.488707901,-0.220627598,0.966647828,0.089530913,-0.581929539,-0.642182777,-1.554461805,-1.451010357,0.328751187,-0.24926772,-0.323560479,0.245379125,-0.410072903,-1.457726968,-0.791107192,-0.04467441,-0.121596539,-0.169611149,-0.30401692,-0.616166024,0.144718123,-0.009650674,-0.429875722,-0.453242409,-0.517283058,1.935478624,-1.566084581,-0.772774205,-1.309656333,-0.266794781,-0.610315734,-2.052406299,-0.161715303,2.029286368,-0.49268991,0.244728812,0.598704338,1.170571966,-0.670800029,-2.30740547,-0.098290821,1.600988184,2.094667737,1.176854905,0.568593136,0.020616253,0.780217358,0.890865358,1.481111388,2.205810909,0.804214309,-0.65169186,0.247070017,2.509269047,2.917786749,2.194035765,0.659858479,-0.32776739,0.473066868,2.274654397,1.430846896,1.472945683,0.736410101,0.577362414,0.864806912,3.118891697,2.937769609,2.522208713,0.399101445,0.302401909,0.311626955,1.663171601,1.68090879,1.787415976,-0.150468389,-1.570385472,0.418746209,3.04781068,2.65379217,1.175740321,0.330327593,0.050599792,0.878094577,1.171879606,1.22127318,2.726070119,-0.410602029,-1.618331467,-0.205371194,1.465991638,3.363928266,2.700920439,0.112464922,0.031970985,0.4710606,0.338605277,1.387459649,0.426265829,0.158531435,1.044906833,0.630849105,0.048183196,2.343745688,0.072248964,1.749239062,0.309872424,0.197552444,0.06462331,0.621059872,0.874287044,0.471774425,0.187179599,0.583652805,1.151951278,0.356645712,0.764203832,0.555922152,1.249681387,0.169621538,0.174649153,0.136258134,0.294154785,1.85932174,0.309034458,0.147513102,0.571412336,0.592338439,2.527494595,0.289263228,-0.051218398,0.600396005,0.124974706,0.275662978,0.055410835,0.061597164,2.833228555,0.410801098
12,9257-9 #1,206535570010_R04C02,0.241666667,100,yes,Mus musculus,Mouse,Retro-orbital,1,P39.ET0143BrianNa,ET0143,Retro-orbital,Mammal320K_ET0158_ET0057_ET0120_ET0143_Plate1,Mammal320K_ET0158_ET0057_ET0120_ET0143_Plate1,F12,12/10/2020,D2,9257-9 #1,8.7,0.087,2.9,female,P0-CreC;Smarcb1(flox/flox),0.238902126,0.238902126,-0.00178559,-0.598773022,1.728486725,0.713139364,2.332166362,0.751759097,-0.126347451,0.651560863,-0.625795288,0.467865579,-0.139586406,1.384913968,0.236208537,-0.128278686,1.779487355,1.817232793,2.318794765,1.086989711,0.193905851,0.529047743,-0.919991892,-0.626438614,-0.069356279,1.815000105,-0.063240088,-0.541588892,0.479451317,2.15340458,0.558605258,0.983171708,-0.309453494,0.357114815,0.025765813,0.40889496,-0.710926747,1.144795833,0.418463624,-0.575506799,2.177919264,1.987971592,1.911061254,1.942573754,-0.302889879,0.281117722,-0.236249584,-0.08534689,0.749824595,1.983262773,0.425368257,-0.46692421,1.239466927,2.414517348,2.154078068,-0.200430364,0.516385225,0.321427533,-1.440290276,0.010935465,-0.444517671,1.218132381,0.136947452,0.200544427,-0.115921408,0.995485341,0.192000326,0.126954282,1.379303058,0.715198244,0.896665709,0.105339564,0.669451902,0.183702088,-1.599697654,-0.635637794,0.241391975,-0.077061648,0.875283314,0.284125,1.257193022,1.157324146,0.84492896,0.626593091,-0.027610687,0.18866187,0.110259881,-0.654013606,1.374390026,-0.17503682,-0.096171163,-0.853509105,-0.479343901,0.927224986,1.465518707,1.111760344,-1.568965798,0.042890936,1.283995544,-1.782403961,0.513665493,1.379031879,-0.132790243,0.658205514,1.127034132,1.398658823,1.980548288,-1.123601744,2.829319818,2.596278914,3.376137101,1.872018571,0.914180798,0.668042861,1.103928954,3.006294161,1.14476642,2.193867156,2.7499788,0.702703598,2.216867481,3.673484635,3.766780773,2.518650124,0.735903595,0.926004945,1.277497131,3.525142719,1.212762105,1.264515693,1.261285724,2.272534735,1.381472993,2.523721852,3.175934179,2.543147299,0.863820235,1.183438781,0.312721996,2.35143981,1.229750285,1.550750153,2.219985679,0.275715223,2.705086978,3.678394082,3.268450068,1.59836844,0.904644334,1.019333093,1.417496297,3.067804928,1.052472621,2.192151125,1.966435436,0.341206654,1.691751225,2.935185645,3.917917635,2.612472782,0.383042919,1.033122279,1.293423828,2.28264248,1.179416285,1.164306759,0.408171822,1.522965511,0.717994664,0.331164835,4.211756647,1.008074805,1.679256942,0.325681075,1.448933886,0.890508174,0.575824023,1.689659606,0.384415213,0.359385671,1.782496598,1.190697153,2.023911636,3.379254946,2.191958303,1.920948888,0.263607389,0.532922172,0.550534934,0.256307203,3.088993644,0.143648312,0.481217661,0.171145639,0.630277597,1.519240958,3.320866517,1.833316151,0.341086541,0.434660423,2.169974255,0.325413172,0.73697796,2.182974066,0.770700764
